source_row_index,filtered_row_index,op_id,_oil_norm,Bezeichnung,Drehzahl,Ölbezeichnung,Kältemittel,T1_SH,T_evap,T_cond,N,P1_mean,P2_mean,T1_mean,T2_mean,T7_mean,Tamb_mean,Pel_mean,suction_mf_mean
63,61,N60_SH10_Te0_Tc30,LPG100,T2s30_10SH,60.0,LPG100,Propan,10.0,0.0,30.0,3608.9,4.76959,10.7592,10.8226,52.7122,47.763,21.9302,1171.49,16.6783
0,0,N60_SH10_Te0_Tc30,LPG68,T2s30_10SH,60.0,LPG68,Propan,10.0,0.0,30.0,3608.9,4.77135,10.6935,9.67378,51.1384,46.3812,21.6035,1122.57,17.4099
64,62,N60_SH10_Te5_Tc30,LPG100,T2s30_10SH,60.0,LPG100,Propan,10.0,5.0,30.0,3608.9,5.5202,10.7656,14.9478,51.212,46.9559,22.3649,1117.24,19.4483
1,1,N60_SH10_Te5_Tc30,LPG68,T2s30_10SH,60.0,LPG68,Propan,10.0,5.0,30.0,3608.9,5.48988,10.719,15.5366,49.2062,44.6614,21.7056,1069.86,19.4407
65,63,N60_SH10_Te10_Tc30,LPG100,T2s30_10SH,60.0,LPG100,Propan,10.0,10.0,30.0,3608.9,6.36469,10.7816,19.9084,48.9181,44.9898,22.6036,1035.76,22.5438
2,2,N60_SH10_Te10_Tc30,LPG68,T2s30_10SH,60.0,LPG68,Propan,10.0,10.0,30.0,3608.9,6.30289,10.679,19.686,47.6153,43.676,21.9615,992.239,22.4671
66,64,N60_SH10_Te0_Tc40,LPG100,T2s40_10SH,60.0,LPG100,Propan,10.0,0.0,40.0,3608.9,4.72415,13.7353,10.5639,63.3633,58.114,24.6156,1389.42,16.6727
3,3,N60_SH10_Te0_Tc40,LPG68,T2s40_10SH,60.0,LPG68,Propan,10.0,0.0,40.0,3608.9,4.73131,13.69,10.5796,62.327,56.6952,23.7957,1371.86,16.3785
67,65,N60_SH10_Te5_Tc40,LPG100,T2s40_10SH,60.0,LPG100,Propan,10.0,5.0,40.0,3608.9,5.50345,13.7465,14.622,60.7645,55.6803,24.8952,1374.86,19.3641
4,4,N60_SH10_Te5_Tc40,LPG68,T2s40_10SH,60.0,LPG68,Propan,10.0,5.0,40.0,3608.9,5.55022,13.9246,14.8254,59.6836,54.3294,17.8992,1373.44,19.586
68,66,N60_SH10_Te10_Tc40,LPG100,T2s40_10SH,60.0,LPG100,Propan,10.0,10.0,40.0,3608.9,6.34654,13.6949,20.0064,59.007,54.2694,24.8984,1330.41,22.4046
5,5,N60_SH10_Te10_Tc40,LPG68,T2s40_10SH,60.0,LPG68,Propan,10.0,10.0,40.0,3608.9,6.30283,13.6894,19.8056,57.4717,52.1025,20.1546,1316.15,22.5857
69,67,N60_SH10_Te15_Tc40,LPG100,T2s40_10SH,60.0,LPG100,Propan,10.0,15.0,40.0,3608.9,7.28593,13.7131,25.4255,57.7566,53.2875,25.0685,1263.22,25.6962
6,6,N60_SH10_Te15_Tc40,LPG68,T2s40_10SH,60.0,LPG68,Propan,10.0,15.0,40.0,3608.9,7.26939,13.7288,24.6571,57.0956,52.372,20.5833,1250.77,25.9376
70,68,N60_SH10_Te20_Tc40,LPG100,T2s40_10SH,60.0,LPG100,Propan,10.0,20.0,40.0,3608.9,8.32058,13.7284,30.1335,55.9763,51.972,25.0565,1160.83,29.6475
7,7,N60_SH10_Te20_Tc40,LPG68,T2s40_10SH,60.0,LPG68,Propan,10.0,20.0,40.0,3608.9,8.39389,13.6998,29.9919,55.4081,50.9747,20.8887,1139.59,30.0183
71,69,N60_SH10_Te25_Tc40,LPG100,T2s40_10SH,60.0,LPG100,Propan,10.0,25.0,40.0,3608.9,9.44479,13.7367,34.9748,54.7194,51.1434,25.1102,1026.29,33.8647
8,8,N60_SH10_Te25_Tc40,LPG68,T2s40_10SH,60.0,LPG68,Propan,10.0,25.0,40.0,3608.9,9.38441,13.7072,35.3264,55.5273,51.2892,21.0484,1027.27,33.6089
72,70,N60_SH10_Te0_Tc50,LPG100,T2s50_10SH,60.0,LPG100,Propan,10.0,0.0,50.0,3608.9,4.74132,17.2038,10.6002,74.3115,67.7297,27.3492,1643.22,16.4516
9,9,N60_SH10_Te0_Tc50,LPG68,T2S50_10SH,60.0,LPG68,Propan,10.0,0.0,50.0,3608.9,4.75311,17.1935,9.9048,72.8888,66.769,26.2379,1625.09,16.4602
73,71,N60_SH10_Te5_Tc50,LPG100,T2s50_10SH,60.0,LPG100,Propan,10.0,5.0,50.0,3608.9,5.49214,17.19,16.26,73.0586,67.1166,27.8347,1652.96,18.9005
10,10,N60_SH10_Te5_Tc50,LPG68,T2S50_10SH,60.0,LPG68,Propan,10.0,5.0,50.0,3608.9,5.53394,17.2024,14.5325,70.6471,65.3187,27.3065,1641.16,19.2189
74,72,N60_SH10_Te10_Tc50,LPG100,T2s50_10SH,60.0,LPG100,Propan,10.0,10.0,50.0,3608.9,6.34577,17.1962,19.9515,69.6603,64.1854,27.7823,1642.93,22.1238
11,11,N60_SH10_Te10_Tc50,LPG68,T2S50_10SH,60.0,LPG68,Propan,10.0,10.0,50.0,3608.9,6.39275,17.1276,20.6983,69.1915,63.4953,26.7675,1618.66,22.1482
75,73,N60_SH10_Te15_Tc50,LPG100,T2s50_10SH,60.0,LPG100,Propan,10.0,15.0,50.0,3608.9,7.27,17.2144,26.1087,68.7849,63.3767,27.7379,1611.35,25.2562
12,12,N60_SH10_Te15_Tc50,LPG68,T2S50_10SH,60.0,LPG68,Propan,10.0,15.0,50.0,3608.9,7.28526,17.1941,24.6838,66.8215,62.1338,26.504,1587.98,25.5488
76,74,N60_SH10_Te20_Tc50,LPG100,T2s50_10SH,60.0,LPG100,Propan,10.0,20.0,50.0,3608.9,8.38018,17.2262,29.9395,66.4402,61.6336,27.7621,1545.58,29.5403
13,13,N60_SH10_Te20_Tc50,LPG68,T2S50_10SH,60.0,LPG68,Propan,10.0,20.0,50.0,3608.9,8.37978,17.2361,30.7662,66.4899,62.0329,26.8575,1524.13,29.5286
77,75,N60_SH10_Te25_Tc50,LPG100,T2s50_10SH,60.0,LPG100,Propan,10.0,25.0,50.0,3608.9,9.35432,17.2073,35.7038,65.6828,60.9168,27.8199,1467.96,33.0233
14,14,N60_SH10_Te25_Tc50,LPG68,T2S50_10SH,60.0,LPG68,Propan,10.0,25.0,50.0,3608.9,9.42186,17.1474,36.6651,67.4533,62.6252,27.0901,1446.86,33.173
84,82,N60_SH20_Te0_Tc50,LPG100,T2s50_20SH,60.0,LPG100,Propan,20.0,0.0,50.0,3608.9,4.6892,17.1753,19.4663,81.5771,74.2671,28.0788,1636.87,15.421
21,21,N60_SH20_Te0_Tc50,LPG68,T2s50_20SH,60.0,LPG68,Propan,20.0,0.0,50.0,3608.9,4.73894,17.1369,20.6698,81.8407,74.4012,27.8441,1628.12,15.6205
85,83,N60_SH20_Te10_Tc50,LPG100,T2s50_20SH,60.0,LPG100,Propan,20.0,10.0,50.0,3608.9,6.34628,17.1982,29.7049,77.284,70.2356,26.8063,1644.22,21.1256
22,22,N60_SH20_Te10_Tc50,LPG68,T2s50_20SH,60.0,LPG68,Propan,20.0,10.0,50.0,3608.9,6.36114,17.1379,30.159,78.1035,71.4997,28.7935,1636.07,21.0768
86,84,N60_SH20_Te20_Tc50,LPG100,T2s50_20SH,60.0,LPG100,Propan,20.0,20.0,50.0,3608.9,8.31678,17.2186,40.8427,76.6938,70.2524,27.3502,1555.8,27.8063
23,23,N60_SH20_Te20_Tc50,LPG68,T2s50_20SH,60.0,LPG68,Propan,20.0,20.0,50.0,3608.9,8.34649,17.1632,40.0268,74.9246,68.7317,28.9543,1540.55,28.0766
90,88,N60_SH30_Te0_Tc50,LPG100,T2s50_30SH,60.0,LPG100,Propan,30.0,0.0,50.0,3608.9,4.75725,17.1867,28.7228,89.7019,82.2517,29.3829,1611.33,15.4817
27,27,N60_SH30_Te0_Tc50,LPG68,T2s50_30SH,60.0,LPG68,Propan,30.0,0.0,50.0,3608.9,4.76698,17.2159,29.7937,89.7342,81.8013,29.7151,1621.6,15.0627
91,89,N60_SH30_Te10_Tc50,LPG100,T2s50_30SH,60.0,LPG100,Propan,30.0,10.0,50.0,3608.9,6.34588,17.1857,41.2333,88.4392,80.8714,30.1813,1627.08,20.2014
28,28,N60_SH30_Te10_Tc50,LPG68,T2s50_30SH,60.0,LPG68,Propan,30.0,10.0,50.0,3608.9,6.37078,17.1567,39.4937,85.6438,77.7772,29.5806,1628.71,20.3035
92,90,N60_SH30_Te20_Tc50,LPG100,T2s50_30SH,60.0,LPG100,Propan,30.0,20.0,50.0,3608.9,8.37903,17.2138,49.9756,83.2085,75.1839,28.0563,1541.36,26.9469
29,29,N60_SH30_Te20_Tc50,LPG68,T2s50_30SH,60.0,LPG68,Propan,30.0,20.0,50.0,3608.9,8.44081,17.1766,50.6324,83.7169,75.9175,29.8132,1540.22,27.0184
78,76,N60_SH10_Te0_Tc60,LPG100,T2s60_10SH,60.0,LPG100,Propan,10.0,0.0,60.0,3608.9,4.71028,21.268,10.2428,84.6276,77.4386,28.5408,1885.59,15.8592
15,15,N60_SH10_Te0_Tc60,LPG68,T2s60_10SH,60.0,LPG68,Propan,10.0,0.0,60.0,3608.9,4.75998,21.2214,10.0578,83.4518,77.3054,24.754,1883.77,16.0946
79,77,N60_SH10_Te5_Tc60,LPG100,T2s60_10SH,60.0,LPG100,Propan,10.0,5.0,60.0,3608.9,5.48294,21.2279,14.5305,81.787,75.3122,29.0013,1918.58,18.7327
16,16,N60_SH10_Te5_Tc60,LPG68,T2s60_10SH,60.0,LPG68,Propan,10.0,5.0,60.0,3608.9,5.47093,21.2197,14.6078,81.4971,75.8775,26.4879,1922.46,18.5994
80,78,N60_SH10_Te10_Tc60,LPG100,T2s60_10SH,60.0,LPG100,Propan,10.0,10.0,60.0,3608.9,6.35099,21.2144,20.793,80.3434,74.2362,28.8952,1940.36,21.8274
17,17,N60_SH10_Te10_Tc60,LPG68,T2s60_10SH,60.0,LPG68,Propan,10.0,10.0,60.0,3608.9,6.33767,21.2408,20.1467,80.3724,74.7799,26.8024,1944.61,21.6908
81,79,N60_SH10_Te15_Tc60,LPG100,T2s60_10SH,60.0,LPG100,Propan,10.0,15.0,60.0,3608.9,7.30437,21.2177,24.8096,77.6093,72.2261,29.1438,1949.63,25.6164
18,18,N60_SH10_Te15_Tc60,LPG68,T2s60_10SH,60.0,LPG68,Propan,10.0,15.0,60.0,3608.9,7.28752,21.1725,24.8711,77.683,73.2058,27.1922,1943.15,25.1205
82,80,N60_SH10_Te20_Tc60,LPG100,T2s60_10SH,60.0,LPG100,Propan,10.0,20.0,60.0,3608.9,8.38725,21.2682,29.7166,76.3878,70.256,29.3616,1936.83,29.6838
19,19,N60_SH10_Te20_Tc60,LPG68,T2s60_10SH,60.0,LPG68,Propan,10.0,20.0,60.0,3608.9,8.32119,21.2386,29.9379,76.7835,72.1696,27.3602,1921.37,28.9463
83,81,N60_SH10_Te25_Tc60,LPG100,T2s60_10SH,60.0,LPG100,Propan,10.0,25.0,60.0,3608.9,9.65207,21.3271,33.771,74.6377,69.7616,29.7366,1892.12,34.8037
20,20,N60_SH10_Te25_Tc60,LPG68,T2s60_10SH,60.0,LPG68,Propan,10.0,25.0,60.0,3608.9,9.47442,21.1756,34.7889,76.1203,71.5515,28.2351,1878.16,33.2654
87,85,N60_SH20_Te0_Tc60,LPG100,T2s60_20SH,60.0,LPG100,Propan,20.0,0.0,60.0,3608.9,4.66777,21.2313,19.6299,92.8788,84.4122,30.0652,1883.39,15.1235
24,24,N60_SH20_Te0_Tc60,LPG68,T2s60_20SH,60.0,LPG68,Propan,20.0,0.0,60.0,3608.9,4.70768,21.151,19.0416,92.403,84.7057,30.711,1874.54,15.2689
88,86,N60_SH20_Te10_Tc60,LPG100,T2s60_20SH,60.0,LPG100,Propan,20.0,10.0,60.0,3608.9,6.37258,21.1373,29.3931,88.3464,80.719,30.5538,1953.31,20.8951
25,25,N60_SH20_Te10_Tc60,LPG68,T2s60_20SH,60.0,LPG68,Propan,20.0,10.0,60.0,3608.9,6.37173,21.2133,31.8268,90.3913,83.1867,30.9247,1944.94,20.6885
89,87,N60_SH20_Te20_Tc60,LPG100,T2s60_20SH,60.0,LPG100,Propan,20.0,20.0,60.0,3608.9,8.19889,21.1729,41.1529,89.9318,83.2465,31.254,1949.37,26.8434
26,26,N60_SH20_Te20_Tc60,LPG68,T2s60_20SH,60.0,LPG68,Propan,20.0,20.0,60.0,3608.9,8.46994,21.1586,40.5418,86.2709,79.9317,30.7809,1925.53,28.0356
93,91,N60_SH30_Te0_Tc60,LPG100,T2s60_30SH,60.0,LPG100,Propan,30.0,0.0,60.0,3608.9,4.68649,21.2616,28.9224,100.626,91.6682,31.3145,1888.25,14.5735
30,30,N60_SH30_Te0_Tc60,LPG68,T2s60_30SH,60.0,LPG68,Propan,30.0,0.0,60.0,3608.9,4.72849,21.2327,30.1594,100.675,91.7678,32.1022,1870.67,14.6311
94,92,N60_SH30_Te10_Tc60,LPG100,T2s60_30SH,60.0,LPG100,Propan,30.0,10.0,60.0,3608.9,6.41268,21.0873,40.878,97.2345,88.611,31.3159,1951.9,20.0216
31,31,N60_SH30_Te10_Tc60,LPG68,T2s60_30SH,60.0,LPG68,Propan,30.0,10.0,60.0,3608.9,6.46011,21.1451,39.4013,95.8945,87.3214,31.6505,1943.91,20.4809
95,93,N60_SH30_Te20_Tc60,LPG100,T2s60_30SH,60.0,LPG100,Propan,30.0,20.0,60.0,3608.9,8.35742,21.2292,50.9772,94.7969,86.3425,31.659,1937.84,26.4246
32,32,N60_SH30_Te20_Tc60,LPG68,T2s60_30SH,60.0,LPG68,Propan,30.0,20.0,60.0,3608.9,8.43544,21.1507,50.6304,93.6914,85.5294,31.757,1918.37,26.7902
97,94,N70_SH10_Te0_Tc30,LPG100,T2s30_10SH,70.0,LPG100,Propan,10.0,0.0,30.0,4209.79,4.75184,10.6823,11.6171,53.9332,48.2044,21.5625,1379.35,20.1158
34,33,N70_SH10_Te0_Tc30,LPG68,T2s30_10SH,70.0,LPG68,Propan,10.0,0.0,30.0,4209.79,4.76662,10.7354,9.62169,53.0269,47.8138,23.5323,1342.0,19.7802
98,95,N70_SH10_Te5_Tc30,LPG100,T2s30_10SH,70.0,LPG100,Propan,10.0,5.0,30.0,4209.79,5.48869,10.7933,15.5683,53.5398,48.9761,22.2273,1343.64,22.5226
35,34,N70_SH10_Te5_Tc30,LPG68,T2s30_10SH,70.0,LPG68,Propan,10.0,5.0,30.0,4209.79,5.50719,10.7134,14.6792,50.5768,46.1251,22.7997,1292.38,22.8425
99,96,N70_SH10_Te10_Tc30,LPG100,T2s30_10SH,70.0,LPG100,Propan,10.0,10.0,30.0,4209.79,6.33379,10.8049,19.2686,49.5754,45.8029,22.1193,1251.86,26.3224
36,35,N70_SH10_Te10_Tc30,LPG68,T2s30_10SH,70.0,LPG68,Propan,10.0,10.0,30.0,4209.79,6.34355,10.822,20.6687,49.4211,45.2379,22.2392,1215.82,26.344
100,97,N70_SH10_Te0_Tc40,LPG100,T2s40_10SH,70.0,LPG100,Propan,10.0,0.0,40.0,4209.79,4.72594,13.6967,10.0994,64.2895,58.379,24.4212,1658.49,19.4329
37,36,N70_SH10_Te0_Tc40,LPG68,T2s40_10SH,70.0,LPG68,Propan,10.0,0.0,40.0,4209.79,4.76048,13.6925,10.274,62.8672,56.0321,25.7487,1581.37,19.486
101,98,N70_SH10_Te5_Tc40,LPG100,T2s40_10SH,70.0,LPG100,Propan,10.0,5.0,40.0,4209.79,5.50356,13.7091,14.3002,61.6252,56.314,24.8952,1637.5,22.6959
38,37,N70_SH10_Te5_Tc40,LPG68,T2s40_10SH,70.0,LPG68,Propan,10.0,5.0,40.0,4209.79,5.4715,13.7062,15.1424,61.3275,55.0442,26.3777,1564.67,22.4913
102,99,N70_SH10_Te10_Tc40,LPG100,T2s40_10SH,70.0,LPG100,Propan,10.0,10.0,40.0,4209.79,6.34686,13.7236,20.1023,60.3546,55.3792,24.9701,1590.61,26.1285
39,38,N70_SH10_Te10_Tc40,LPG68,T2s40_10SH,70.0,LPG68,Propan,10.0,10.0,40.0,4209.79,6.3016,13.7316,20.3583,59.882,54.0018,26.75,1524.29,25.9291
103,100,N70_SH10_Te15_Tc40,LPG100,T2s40_10SH,70.0,LPG100,Propan,10.0,15.0,40.0,4209.79,7.28573,13.7451,25.5327,58.7348,53.9986,25.2137,1516.06,30.0398
40,39,N70_SH10_Te15_Tc40,LPG68,T2s40_10SH,70.0,LPG68,Propan,10.0,15.0,40.0,4209.79,7.28787,13.7411,24.9045,57.0672,51.5189,27.0,1443.75,30.2973
104,101,N70_SH10_Te20_Tc40,LPG100,T2s40_10SH,70.0,LPG100,Propan,10.0,20.0,40.0,4209.79,8.20548,13.7166,30.9079,58.2189,53.6644,25.3858,1415.74,33.8767
41,40,N70_SH10_Te20_Tc40,LPG68,T2s40_10SH,70.0,LPG68,Propan,10.0,20.0,40.0,4209.79,8.17964,13.6985,30.2259,57.2094,51.9326,27.254,1351.51,34.0073
105,102,N70_SH10_Te25_Tc40,LPG100,T2s40_10SH,70.0,LPG100,Propan,10.0,25.0,40.0,4209.79,9.48318,13.6934,34.1211,54.7628,51.0395,25.2272,1242.98,39.938
42,41,N70_SH10_Te25_Tc40,LPG68,T2s40_10SH,70.0,LPG68,Propan,10.0,25.0,40.0,4209.79,9.44436,13.7246,35.313,55.093,50.7267,27.625,1188.29,39.6292
106,103,N70_SH10_Te0_Tc50,LPG100,T2s50_10SH,70.0,LPG100,Propan,10.0,0.0,50.0,4209.79,4.79329,17.2014,11.0861,75.6781,68.7307,25.8427,1935.73,19.4779
43,42,N70_SH10_Te0_Tc50,LPG68,T2S50_10SH,70.0,LPG68,Propan,10.0,0.0,50.0,4209.79,4.71181,17.2042,10.3432,75.7456,69.4445,27.1949,1925.7,18.9296
107,104,N70_SH10_Te5_Tc50,LPG100,T2s50_10SH,70.0,LPG100,Propan,10.0,5.0,50.0,4209.79,5.49938,17.2081,14.3318,72.1062,66.0696,26.4637,1949.98,22.4212
44,43,N70_SH10_Te5_Tc50,LPG68,T2S50_10SH,70.0,LPG68,Propan,10.0,5.0,50.0,4209.79,5.47031,17.2049,14.6144,71.2268,64.2419,29.2473,1861.02,22.2631
108,105,N70_SH10_Te10_Tc50,LPG100,T2s50_10SH,70.0,LPG100,Propan,10.0,10.0,50.0,4209.79,6.34528,17.2207,18.9781,69.557,64.1066,26.625,1937.85,25.9778
45,44,N70_SH10_Te10_Tc50,LPG68,T2S50_10SH,70.0,LPG68,Propan,10.0,10.0,50.0,4209.79,6.25191,17.1869,20.5991,70.7933,64.2153,29.379,1862.67,25.3072
109,106,N70_SH10_Te15_Tc50,LPG100,T2s50_10SH,70.0,LPG100,Propan,10.0,15.0,50.0,4209.79,7.29138,17.1854,26.0184,69.6,64.1697,26.8602,1907.33,29.7082
46,45,N70_SH10_Te15_Tc50,LPG68,T2S50_10SH,70.0,LPG68,Propan,10.0,15.0,50.0,4209.79,7.36136,17.164,25.8901,68.2962,63.1222,26.1103,1881.16,30.1301
110,107,N70_SH10_Te20_Tc50,LPG100,T2s50_10SH,70.0,LPG100,Propan,10.0,20.0,50.0,4209.79,8.22477,17.1427,31.2968,68.2309,62.8725,26.8145,1848.05,33.6656
47,46,N70_SH10_Te20_Tc50,LPG68,T2S50_10SH,70.0,LPG68,Propan,10.0,20.0,50.0,4209.79,8.4339,17.119,29.4143,66.0214,61.0487,22.9798,1812.17,35.0366
111,108,N70_SH10_Te25_Tc50,LPG100,T2s50_10SH,70.0,LPG100,Propan,10.0,25.0,50.0,4209.79,9.50841,17.1653,35.0058,65.7035,60.7505,24.6613,1734.94,39.5237
48,47,N70_SH10_Te25_Tc50,LPG68,T2S50_10SH,70.0,LPG68,Propan,10.0,25.0,50.0,4209.79,9.44774,17.1805,34.0065,65.3761,61.1373,24.4288,1723.97,39.4457
118,115,N70_SH20_Te0_Tc50,LPG100,T2s50_20SH,70.0,LPG100,Propan,20.0,0.0,50.0,4209.79,4.72049,17.184,18.9125,83.4774,75.9101,29.4395,1933.32,18.183
55,54,N70_SH20_Te0_Tc50,LPG68,T2s50_20SH,70.0,LPG68,Propan,20.0,0.0,50.0,4209.79,4.77341,17.1432,20.5634,83.7326,75.8915,28.1684,1924.26,18.5894
119,116,N70_SH20_Te10_Tc50,LPG100,T2s50_20SH,70.0,LPG100,Propan,20.0,10.0,50.0,4209.79,6.32925,17.2103,31.0286,81.0599,74.1486,29.496,1950.69,24.5057
56,55,N70_SH20_Te10_Tc50,LPG68,T2s50_20SH,70.0,LPG68,Propan,20.0,10.0,50.0,4209.79,6.44475,17.1738,31.3771,79.884,72.7577,26.7957,1931.56,25.0873
122,119,N70_SH30_Te0_Tc50,LPG100,T2s50_30SH,70.0,LPG100,Propan,30.0,0.0,50.0,4209.79,4.74389,17.0666,30.3932,92.5948,84.2081,29.664,1937.03,17.6488
59,58,N70_SH30_Te0_Tc50,LPG68,T2s50_30SH,70.0,LPG68,Propan,30.0,0.0,50.0,4209.79,4.78442,17.1456,30.4968,91.82,83.3041,29.2812,1922.26,17.663
112,109,N70_SH10_Te0_Tc60,LPG100,T2s60_10SH,70.0,LPG100,Propan,10.0,0.0,60.0,4209.79,4.72874,21.2193,9.23665,85.6782,78.8268,30.4745,2217.68,18.5593
49,48,N70_SH10_Te0_Tc60,LPG68,T2s60_10SH,70.0,LPG68,Propan,10.0,0.0,60.0,4209.79,4.78747,21.2104,9.86615,85.3274,78.2566,29.4664,2198.36,19.0563
113,110,N70_SH10_Te5_Tc60,LPG100,T2s60_10SH,70.0,LPG100,Propan,10.0,5.0,60.0,4209.79,5.50978,21.2347,15.9822,85.5586,78.9394,30.6976,2276.2,21.5734
50,49,N70_SH10_Te5_Tc60,LPG68,T2s60_10SH,70.0,LPG68,Propan,10.0,5.0,60.0,4209.79,5.47007,21.1518,15.5808,83.7533,77.7593,28.4624,2248.91,21.6663
114,111,N70_SH10_Te10_Tc60,LPG100,T2s60_10SH,70.0,LPG100,Propan,10.0,10.0,60.0,4209.79,6.3544,21.2368,20.3197,81.714,75.7379,30.7339,2294.82,25.2589
51,50,N70_SH10_Te10_Tc60,LPG68,T2s60_10SH,70.0,LPG68,Propan,10.0,10.0,60.0,4209.79,6.35795,21.1432,19.8285,80.2384,75.0486,28.7742,2280.95,25.5487
115,112,N70_SH10_Te15_Tc60,LPG100,T2s60_10SH,70.0,LPG100,Propan,10.0,15.0,60.0,4209.79,7.32349,21.2399,25.0784,79.4152,73.958,30.6035,2297.91,29.3589
52,51,N70_SH10_Te15_Tc60,LPG68,T2s60_10SH,70.0,LPG68,Propan,10.0,15.0,60.0,4209.79,7.30263,21.163,25.3639,79.1923,74.2015,28.9355,2279.2,29.7139
116,113,N70_SH10_Te20_Tc60,LPG100,T2s60_10SH,70.0,LPG100,Propan,10.0,20.0,60.0,4209.79,8.33446,21.1421,30.3384,77.7619,72.7271,30.5995,2279.12,34.1422
53,52,N70_SH10_Te20_Tc60,LPG68,T2s60_10SH,70.0,LPG68,Propan,10.0,20.0,60.0,4209.79,8.33105,21.1775,29.4061,76.748,71.4463,28.7621,2261.69,34.5705
117,114,N70_SH10_Te25_Tc60,LPG100,T2s60_10SH,70.0,LPG100,Propan,10.0,25.0,60.0,4209.79,9.5218,21.1697,34.9109,75.8213,70.7639,30.3185,2223.88,39.7423
54,53,N70_SH10_Te25_Tc60,LPG68,T2s60_10SH,70.0,LPG68,Propan,10.0,25.0,60.0,4209.79,9.47804,21.2001,34.7635,76.1819,71.1697,28.9429,2215.36,39.6077
120,117,N70_SH20_Te0_Tc60,LPG100,T2s60_20SH,70.0,LPG100,Propan,20.0,0.0,60.0,4209.79,4.72826,21.2284,20.4775,93.8349,85.4478,28.1277,2210.69,17.9397
57,56,N70_SH20_Te0_Tc60,LPG68,T2s60_20SH,70.0,LPG68,Propan,20.0,0.0,60.0,4209.79,4.79792,21.154,20.5102,93.7563,86.2692,31.0927,2198.62,18.1915
121,118,N70_SH20_Te10_Tc60,LPG100,T2s60_20SH,70.0,LPG100,Propan,20.0,10.0,60.0,4209.79,6.35466,21.1335,29.9973,89.9244,82.4585,28.3978,2294.14,24.4248
58,57,N70_SH20_Te10_Tc60,LPG68,T2s60_20SH,70.0,LPG68,Propan,20.0,10.0,60.0,4209.79,6.39812,21.3161,29.7276,88.2061,81.408,30.6371,2290.41,24.7191
123,120,N70_SH30_Te0_Tc60,LPG100,T2s60_30SH,70.0,LPG100,Propan,30.0,0.0,60.0,4209.79,4.69777,21.2254,30.17,102.486,92.8901,31.961,2204.25,17.171
60,59,N70_SH30_Te0_Tc60,LPG68,T2s60_30SH,70.0,LPG68,Propan,30.0,0.0,60.0,4209.79,4.76399,21.1798,30.8311,102.029,93.6437,32.5027,2192.79,17.3423
124,121,N70_SH30_Te10_Tc60,LPG100,T2s60_30SH,70.0,LPG100,Propan,30.0,10.0,60.0,4209.79,6.38645,21.2014,39.6969,98.7476,90.6217,32.1519,2298.36,23.57
61,60,N70_SH30_Te10_Tc60,LPG68,T2s60_30SH,70.0,LPG68,Propan,30.0,10.0,60.0,4209.79,6.35542,21.1752,39.6685,97.2241,89.6504,32.1008,2279.89,23.5618
