LPG100/LPG68;R290 (Propan);in Pa;in ℃;in Pa;in ℃;in ℃;in ℃;in kg/s;in W;in 1/min;in mPas
Ölbezeichnung;Kältemittel;P1_mean;T1_mean;P2_mean;Tamb_mean;T2_mean;T7_mean;suction_mf_mean;Pel_mean;N;dyn_viscosity_mean
LPG100;R290;4,71028;10,2428;21,268;28,5408;84,6276;77,4386;15,8592;1885,59;3608,9;5,70122
LPG100;R290;5,48294;14,5305;21,2279;29,0013;81,787;75,3122;18,7327;1918,58;3608,9;5,57295
LPG100;R290;6,35099;20,793;21,2144;28,8952;80,3434;74,2362;21,8274;1940,36;3608,9;5,42977
LPG100;R290;7,30437;24,8096;21,2177;29,1438;77,6093;72,2261;25,6164;1949,63;3608,9;5,08618
LPG100;R290;8,38725;29,7166;21,2682;29,3616;76,3878;70,256;29,6838;1936,83;3608,9;4,5851
LPG100;R290;9,65207;33,771;21,3271;29,7366;74,6377;69,7616;34,8037;1892,12;3608,9;4,42698
;;;;;;;;;;;
LPG100;R290;4,66777;19,6299;21,2313;30,0652;92,8788;84,4122;15,1235;1883,39;3608,9;6,0386
LPG100;R290;6,37258;29,3931;21,1373;30,5538;88,3464;80,719;20,8951;1953,31;3608,9;5,93116
LPG100;R290;8,34816;38,5345;21,1216;30,5605;84,3378;77,3597;27,7096;1934,51;3608,9;5,77239
;;;;;;;;;;;
LPG100;R290;4,68649;28,9224;21,2616;31,3145;100,626;91,6682;14,5735;1888,25;3608,9;5,8399
LPG100;R290;6,41268;40,878;21,0873;31,3159;97,2345;88,611;20,0216;1951,9;3608,9;5,98888
LPG100;R290;8,35742;50,9772;21,2292;31,659;94,7969;86,3425;26,4246;1937,84;3608,9;6,03032
;;;;;;;;;;;
LPG100;R290;4,76959;10,8226;10,7592;21,9302;52,7122;47,763;16,6783;1171,49;3608,9;
LPG100;R290;5,5202;14,9478;10,7656;22,3649;51,212;46,9559;19,4483;1117,24;3608,9;
LPG100;R290;6,36469;19,9084;10,7816;22,6036;48,9181;44,9898;22,5438;1035,76;3608,9;
LPG100;R290;7,28593;25,4255;13,7131;25,0685;57,7566;53,2875;25,6962;1263,22;3608,9;
LPG100;R290;8,32058;30,1335;13,7284;25,0565;55,9763;51,972;29,6475;1160,83;3608,9;
LPG100;R290;9,44479;34,9748;13,7367;25,1102;54,7194;51,1434;33,8647;1026,29;3608,9;
LPG100;R290;7,27;26,1087;17,2144;27,7379;68,7849;63,3767;25,2562;1611,35;3608,9;
LPG100;R290;6,34628;29,7049;17,1982;26,8063;77,284;70,2356;21,1256;1644,22;3608,9;
LPG100;R290;8,31678;40,8427;17,2186;27,3502;76,6938;70,2524;27,8063;1555,8;3608,9;
LPG100;R290;6,34588;41,2333;17,1857;30,1813;88,4392;80,8714;20,2014;1627,08;3608,9;
LPG100;R290;8,37903;49,9756;17,2138;28,0563;83,2085;75,1839;26,9469;1541,36;3608,9;
;;;;;;;;;;;
LPG100;R290;4,78441;10,4218;21,198;29,7908;83,9524;76,383;19,1917;2215,56;4209,79;5,65735
LPG100;R290;5,46804;15,7571;21,2045;30,125;84,3738;77,6524;21,7216;2263,23;4209,79;5,77733
LPG100;R290;6,32537;19,7479;21,1913;29,9677;81,3891;75,3378;25,3769;2297,06;4209,79;5,53566
LPG100;R290;7,25334;24,2205;21,2923;29,9503;79,3115;73,4956;29,4622;2314,68;4209,79;5,17333
LPG100;R290;8,33703;29,2683;21,129;29,1895;77,013;71,5301;34,4126;2277,86;4209,79;4,9544
LPG100;R290;9,40162;34,6529;21,1443;28,4368;75,0597;69,574;39,174;2224,91;4209,79;4,529
;;;;;;;;;;;
LPG100;R290;4,72227;9,54751;13,7097;24,2352;63,3653;57,763;19,4444;1663,82;4209,79;
LPG100;R290;5,47465;14,9665;13,7079;24,6778;62,3611;57,0572;22,5677;1639,56;4209,79;
LPG100;R290;6,34796;19,3934;13,7264;24,6125;59,6115;54,5998;26,2936;1587,85;4209,79;
LPG100;R290;4,79329;11,0861;17,2014;25,8427;75,6781;68,7307;19,4779;1935,73;4209,79;
LPG100;R290;5,49938;14,3318;17,2081;26,4637;72,1062;66,0696;22,4212;1949,98;4209,79;
LPG100;R290;6,34528;18,9781;17,2207;26,625;69,557;64,1066;25,9778;1937,85;4209,79;
LPG100;R290;8,22477;31,2968;17,1427;26,8145;68,2309;62,8725;33,6656;1848,05;4209,79;
LPG100;R290;9,50841;35,0058;17,1653;24,6613;65,7035;60,7505;39,5237;1734,94;4209,79;
LPG100;R290;4,72994;20,0829;17,2238;27,0316;83,8798;75,7491;18,3741;1934,57;4209,79;
LPG100;R290;4,72826;20,4775;21,2284;28,1277;93,8349;85,4478;17,9397;2210,69;4209,79;
LPG100;R290;6,35466;29,9973;21,1335;28,3978;89,9244;82,4585;24,4248;2294,14;4209,79;
LPG100;R290;4,74389;30,3932;17,0666;29,664;92,5948;84,2081;17,6488;1937,03;4209,79;
LPG100;R290;4,69777;30,17;21,2254;31,961;102,486;92,8901;17,171;2204,25;4209,79;
LPG100;R290;6,38645;39,6969;21,2014;32,1519;98,7476;90,6217;23,57;2298,36;4209,79;
LPG100;R290;4,72874;9,23665;21,2193;30,4745;85,6782;78,8268;18,5593;2217,68;4209,79;
LPG100;R290;5,50978;15,9822;21,2347;30,6976;85,5586;78,9394;21,5734;2276,2;4209,79;
LPG100;R290;6,3544;20,3197;21,2368;30,7339;81,714;75,7379;25,2589;2294,82;4209,79;
LPG100;R290;7,32349;25,0784;21,2399;30,6035;79,4152;73,958;29,3589;2297,91;4209,79;
LPG100;R290;8,33446;30,3384;21,1421;30,5995;77,7619;72,7271;34,1422;2279,12;4209,79;
LPG100;R290;9,5218;34,9109;21,1697;30,3185;75,8213;70,7639;39,7423;2223,88;4209,79;
;;;;;;;;;;;
LPG100;R290;4,77177;10,7872;10,7945;22,4633;56,3581;51,2616;22,5443;1660,99;4817,79;
LPG100;R290;5,491;14,3708;10,7594;22,3427;53,2061;48,9915;26,1766;1592,81;4817,79;
LPG100;R290;6,2916;19,8886;10,7861;22,3844;51,5966;47,6517;29,8817;1499,43;4817,79;
LPG100;R290;4,77254;11,2968;13,7188;24,0386;66,2797;60,0654;22,4115;1955,01;4817,79;
LPG100;R290;5,50393;14,5344;13,7269;24,9243;62,846;57,5281;26,06;1924,47;4817,79;
LPG100;R290;6,32987;20,2417;13,7394;25,055;61,3731;56,5295;29,9503;1871,1;4817,79;
LPG100;R290;7,26377;25,1282;13,7214;25,0298;59,3355;54,8204;34,5966;1787,8;4817,79;
LPG100;R290;8,30886;29,0392;13,6991;24,7875;57,0007;53,1127;40,1136;1664,95;4817,79;
LPG100;R290;4,7205;9,07745;17,2079;26,5473;75,0928;68,7022;22,0642;2264,74;4817,79;
LPG100;R290;5,47259;16,2862;17,2268;26,8795;75,7829;69,2105;25,3687;2282,8;4817,79;
LPG100;R290;6,34585;19,5571;17,2405;26,8511;70,9824;65,3395;29,8207;2265,27;4817,79;
LPG100;R290;7,28354;25,3682;17,1375;26,7534;69,8868;64,4434;34,2906;2219,22;4817,79;
LPG100;R290;8,31937;30,4002;17,1673;26,5909;68,0596;63,0642;39,5053;2151,22;4817,79;
LPG100;R290;9,36279;36,0167;17,2001;26,5056;67,9245;63,1167;44,6675;2056,61;4817,79;
LPG100;R290;4,75607;9,51093;21,1613;29,4437;86,2587;78,7231;21,792;2550,49;4817,79;
LPG100;R290;5,51072;13,9907;21,1416;30,0102;82,7318;76,3162;25,6347;2611,09;4817,79;
LPG100;R290;6,37588;20,1941;21,1668;29,9426;82,0592;75,6178;29,7653;2648,69;4817,79;
LPG100;R290;7,29205;25,232;21,1671;30,58;79,7881;73,8809;34,501;2651,84;4817,79;
LPG100;R290;8,3347;30,5281;21,2015;30,3452;78,2774;72,6815;39,7976;2645,56;4817,79;
LPG100;R290;9,52161;35,3099;21,2233;30,3637;76,6691;71,7117;46,1148;2596,86;4817,79;
LPG100;R290;4,75925;21,0713;17,2141;28,0081;86,0592;77,6606;21,0964;2267,03;4817,79;
LPG100;R290;6,32246;30,7398;17,2426;28,2124;81,3402;74,3441;28,3216;2266;4817,79;
LPG100;R290;4,72948;19,0151;21,231;30,5687;94,7042;86,255;20,819;2553,94;4817,79;
LPG100;R290;6,35343;28,8418;21,1487;30,9667;89,2888;81,7663;28,4468;2649,14;4817,79;
LPG100;R290;4,73828;30,1167;17,2032;29,8159;94,2124;85,2888;20,3382;2262,98;4817,79;
LPG100;R290;4,73486;29,2171;21,1473;31,7511;103,296;93,2562;20,2168;2564,79;4817,79;
LPG100;R290;6,35495;39,6597;21,153;32,0659;99,6093;91,2035;27,1087;2664,96;4817,79;
;;;;;;;;;;;
LPG100;R290;4,74355;10,1387;10,8021;22,0432;56,8051;51,8583;25,5635;1925,57;5393,79;
LPG100;R290;5,45265;14,0522;10,7693;21,9662;53,7445;49,1964;29,5985;1860,16;5393,79;
LPG100;R290;6,35897;19,4737;10,7926;21,7523;51,2083;47,0918;34,6683;1750,52;5393,79;
LPG100;R290;6,3546;19,7303;13,7275;25,0837;61,5797;56,5557;34,6138;2192,68;5393,79;
LPG100;R290;7,21882;25,0093;13,7042;25,0436;60,3533;55,6299;39,202;2103,84;5393,79;
LPG100;R290;4,72109;10,8707;17,2267;27,883;77,8922;70,2841;25,0611;2606,26;5393,79;
LPG100;R290;6,34544;19,4297;17,1437;27,711;71,4618;65,4589;34,103;2617,56;5393,79;
LPG100;R290;9,40249;33,42;17,1272;26,4484;65,8669;61,7033;52,2375;2399,52;5393,79;
LPG100;R290;4,75342;9,28532;21,1497;30,0239;86,2323;78,7713;25,2702;2937,15;5393,79;
LPG100;R290;5,50743;14,3752;21,1653;30,1693;83,7292;77,2264;29,5117;3002,7;5393,79;
LPG100;R290;6,35247;19,6458;21,1866;30,7534;82,0295;75,7815;34,2442;3048,94;5393,79;
LPG100;R290;7,2692;26,5464;21,2212;30,5693;82,0128;75,7171;39,0446;3078,59;5393,79;
LPG100;R290;8,33401;29,5767;21,2365;29,7114;78,1792;73,1583;46,0324;3063,95;5393,79;
LPG100;R290;9,40054;36,3857;21,1469;29,7867;78,858;73,2529;51,8689;3019,58;5393,79;
LPG100;R290;4,75191;19,6153;17,2216;28,5766;86,0147;77,2238;24,1732;2602,41;5393,79;
LPG100;R290;6,2448;31,5965;17,1352;29,1774;84,3805;76,7385;31,4538;2619,09;5393,79;
LPG100;R290;4,76006;19,8439;21,1406;31,6882;95,8753;85,7286;23,9906;2918,16;5393,79;
LPG100;R290;6,30582;31,5339;21,1828;32,0163;93,7623;85,6086;31,6229;3045,83;5393,79;
LPG100;R290;4,78975;31,0399;17,2112;30,1653;95,8957;86,1662;23,1254;2585,07;5393,79;
LPG100;R290;4,76767;30,0357;21,1385;31,8333;104,949;95,0406;22,8314;2900,89;5393,79;
LPG100;R290;6,35051;39,1287;21,1631;32,8172;99,2252;90,3243;30,8374;3031,99;5393,79;
;;;;;;;;;;;
LPG100;R290;4,75419;10,2073;13,702;25,839;68,1443;61,6148;28,7328;2613,54;6001,79;
LPG100;R290;5,47;15,0447;13,7246;27,1182;65,6441;59,8394;33,1304;2585,28;6001,79;
LPG100;R290;5,47901;14,1194;17,1445;27,733;74,2868;67,792;33,3719;2993,7;6001,79;
LPG100;R290;7,24272;24,9143;17,2056;27,7102;70,966;65,441;44,3238;2966,71;6001,79;
LPG100;R290;8,25775;29,1493;17,1436;27,6432;68,4916;63,7347;51,444;2899,24;6001,79;
;;;;;;;;;;;
LPG68;R290;4,77135;9,67378;10,6935;21,6035;51,1384;46,3812;17,4099;1122,57;3608,9;16,1095
LPG68;R290;5,48988;15,5366;10,719;21,7056;49,2062;44,6614;19,4407;1069,86;3608,9;15,8493
LPG68;R290;6,30289;19,686;10,679;21,9615;47,6153;43,676;22,4671;992,239;3608,9;15,6394
;;;;;;;;;;;
LPG68;R290;4,73131;10,5796;13,69;23,7957;62,327;56,6952;16,3785;1371,86;3608,9;9,48185
LPG68;R290;5,55022;14,8254;13,9246;17,8992;59,6836;54,3294;19,586;1373,44;3608,9;8,46628
LPG68;R290;6,30283;19,8056;13,6894;20,1546;57,4717;52,1025;22,5857;1316,15;3608,9;8,30234
LPG68;R290;7,26939;24,6571;13,7288;20,5833;57,0956;52,372;25,9376;1250,77;3608,9;8,37462
LPG68;R290;8,39389;29,9919;13,6998;20,8887;55,4081;50,9747;30,0183;1139,59;3608,9;7,71116
LPG68;R290;9,38441;35,3264;13,7072;21,0484;55,5273;51,2892;33,6089;1027,27;3608,9;7,82148
;;;;;;;;;;;
LPG68;R290;4,75311;9,9048;17,1935;26,2379;72,8888;66,769;16,4602;1625,09;3608,9;5,83067
LPG68;R290;5,53394;14,5325;17,2024;27,3065;70,6471;65,3187;19,2189;1641,16;3608,9;5,53533
LPG68;R290;6,39275;20,6983;17,1276;26,7675;69,1915;63,4953;22,1482;1618,66;3608,9;5,27243
LPG68;R290;7,28526;24,6838;17,1941;26,504;66,8215;62,1338;25,5488;1587,98;3608,9;4,97665
LPG68;R290;8,37978;30,7662;17,2361;26,8575;66,4899;62,0329;29,5286;1524,13;3608,9;4,95156
LPG68;R290;9,42186;36,6651;17,1474;27,0901;67,4533;62,6252;33,173;1446,86;3608,9;4,94204
;;;;;;;;;;;
LPG68;R290;4,75998;10,0578;21,2214;24,754;83,4518;77,3054;16,0946;1883,77;3608,9;3,84554
LPG68;R290;5,47093;14,6078;21,2197;26,4879;81,4971;75,8775;18,5994;1922,46;3608,9;3,69584
LPG68;R290;6,33767;20,1467;21,2408;26,8024;80,3724;74,7799;21,6908;1944,61;3608,9;3,56294
LPG68;R290;7,28752;24,8711;21,1725;27,1922;77,683;73,2058;25,1205;1943,15;3608,9;3,28847
LPG68;R290;8,32119;29,9379;21,2386;27,3602;76,7835;72,1696;28,9463;1921,37;3608,9;3,16956
LPG68;R290;9,47442;34,7889;21,1756;28,2351;76,1203;71,5515;33,2654;1878,16;3608,9;2,97447
;;;;;;;;;;;
LPG68;R290;4,73894;20,6698;17,1369;27,8441;81,8407;74,4012;15,6205;1628,12;3608,9;6,22088
LPG68;R290;6,36114;30,159;17,1379;28,7935;78,1035;71,4997;21,0768;1636,07;3608,9;6,12516
LPG68;R290;8,34649;40,0268;17,1632;28,9543;74,9246;68,7317;28,0766;1540,55;3608,9;5,92322
;;;;;;;;;;;
LPG68;R290;4,70768;19,0416;21,151;30,711;92,403;84,7057;15,2689;1874,54;3608,9;4,21258
LPG68;R290;6,37173;31,8268;21,2133;30,9247;90,3913;83,1867;20,6885;1944,94;3608,9;4,20095
LPG68;R290;8,46994;40,5418;21,1586;30,7809;86,2709;79,9317;28,0356;1925,53;3608,9;3,99012
;;;;;;;;;;;
LPG68;R290;4,76698;29,7937;17,2159;29,7151;89,7342;81,8013;15,0627;1621,6;3608,9;6,15628
LPG68;R290;6,37078;39,4937;17,1567;29,5806;85,6438;77,7772;20,3035;1628,71;3608,9;6,23624
LPG68;R290;8,44081;50,6324;17,1766;29,8132;83,7169;75,9175;27,0184;1540,22;3608,9;6,23338
;;;;;;;;;;;
LPG68;R290;4,72849;30,1594;21,2327;32,1022;100,675;91,7678;14,6311;1870,67;3608,9;4,28451
LPG68;R290;6,46011;39,4013;21,1451;31,6505;95,8945;87,3214;20,4809;1943,91;3608,9;4,25707
LPG68;R290;8,43544;50,6304;21,1507;31,757;93,6914;85,5294;26,7902;1918,37;3608,9;4,22717
;;;;;;;;;;;
LPG68;R290;4,76662;9,62169;10,7354;23,5323;53,0269;47,8138;19,7802;1342;4209,79;16,2135
LPG68;R290;5,50719;14,6792;10,7134;22,7997;50,5768;46,1251;22,8425;1292,38;4209,79;15,9862
LPG68;R290;6,34355;20,6687;10,822;22,2392;49,4211;45,2379;26,344;1215,82;4209,79;15,3144
;;;;;;;;;;;
LPG68;R290;4,76048;10,274;13,6925;25,7487;62,8672;56,0321;19,486;1581,37;4209,79;9,31004
LPG68;R290;5,4715;15,1424;13,7062;26,3777;61,3275;55,0442;22,4913;1564,67;4209,79;9,08431
LPG68;R290;6,3016;20,3583;13,7316;26,75;59,882;54,0018;25,9291;1524,29;4209,79;8,84627
LPG68;R290;7,28787;24,9045;13,7411;27;57,0672;51,5189;30,2973;1443,75;4209,79;8,07354
LPG68;R290;8,17964;30,2259;13,6985;27,254;57,2094;51,9326;34,0073;1351,51;4209,79;8,06611
LPG68;R290;9,44436;35,313;13,7246;27,625;55,093;50,7267;39,6292;1188,29;4209,79;7,58792
;;;;;;;;;;;
LPG68;R290;4,71181;10,3432;17,2042;27,1949;75,7456;69,4445;18,9296;1925,7;4209,79;6,10421
LPG68;R290;5,47031;14,6144;17,2049;29,2473;71,2268;64,2419;22,2631;1861,02;4209,79;5,43343
LPG68;R290;6,25191;20,5991;17,1869;29,379;70,7933;64,2153;25,3072;1862,67;4209,79;5,42843
LPG68;R290;7,36136;25,8901;17,164;26,1103;68,2962;63,1222;30,1301;1881,16;4209,79;5,1321
LPG68;R290;8,4339;29,4143;17,119;22,9798;66,0214;61,0487;35,0366;1812,17;4209,79;4,51855
LPG68;R290;9,44774;34,0065;17,1805;24,4288;65,3761;61,1373;39,4457;1723,97;4209,79;4,5439
;;;;;;;;;;;
LPG68;R290;4,78747;9,86615;21,2104;29,4664;85,3274;78,2566;19,0563;2198,36;4209,79;3,91558
LPG68;R290;5,47007;15,5808;21,1518;28,4624;83,7533;77,7593;21,6663;2248,91;4209,79;3,82961
LPG68;R290;6,35795;19,8285;21,1432;28,7742;80,2384;75,0486;25,5487;2280,95;4209,79;3,51838
LPG68;R290;7,30263;25,3639;21,163;28,9355;79,1923;74,2015;29,7139;2279,2;4209,79;3,4041
LPG68;R290;8,33105;29,4061;21,1775;28,7621;76,748;71,4463;34,5705;2261,69;4209,79;2,95507
LPG68;R290;9,47804;34,7635;21,2001;28,9429;76,1819;71,1697;39,6077;2215,36;4209,79;2,90311
;;;;;;;;;;;
LPG68;R290;4,77341;20,5634;17,1432;28,1684;83,7326;75,8915;18,5894;1924,26;4209,79;6,23335
LPG68;R290;6,44475;31,3771;17,1738;26,7957;79,884;72,7577;25,0873;1931,56;4209,79;6,18053
;;;;;;;;;;;
LPG68;R290;4,79792;20,5102;21,154;31,0927;93,7563;86,2692;18,1915;2198,62;4209,79;4,24789
LPG68;R290;6,39812;29,7276;21,3161;30,6371;88,2061;81,408;24,7191;2290,41;4209,79;4,03046
;;;;;;;;;;;
LPG68;R290;4,78442;30,4968;17,1456;29,2812;91,82;83,3041;17,663;1922,26;4209,79;6,04316
;;;;;;;;;;;
LPG68;R290;4,76399;30,8311;21,1798;32,5027;102,029;93,6437;17,3423;2192,79;4209,79;4,23402
LPG68;R290;6,35542;39,6685;21,1752;32,1008;97,2241;89,6504;23,5618;2279,89;4209,79;4,27591
